{
    "eris": {
        "clientOptions": {
            "disableEvents": {},
            "messageLimit": 0,
            "requestTimeout": 0,
            "restMode": true
        }
    },
    "sharder": {
        "name": "",
        "path": "",
        "shardCount": 0,
        "clusters": 0,
        "webhooks": {
            "shard": {
                "id": "",
                "token": ""
            },
            "cluster": {
                "id": "",
                "token": ""
            }
        }
    },
    "links": {
        "youtube": {}
    },
    "lavalink": {
        "nodes": [
            {
                "host": "",
                "port": 0,
                "region": "",
                "portWS": 0
            }
        ]
    },
    "webhookServer": {
        "host": "",
        "port": 0
    },
    "options": {
        "dev": true,
        "developers": [],
        "owners": [],
        "prefix": "",
        "helpCommand": {
            "title": "",
            "message": "",
            "footer": ""
        },
        "patreonCampaignID": "",
        "featureRequestChannel": "",
        "spamReportChannel": "",
        "donorPerksChannel": "",
        "errorChannel": ""
    }
}